{
  "run_id": "run_20251114_182637",
  "timestamp": "20251114_182637",
  "total_questions": 50,
  "overall": {
    "mean": 0.7204146744075994,
    "min": 0.3,
    "max": 1.0,
    "median": 0.75,
    "std": 0.1521813462402018
  },
  "alignment": {
    "mean": 0.7920121741244961,
    "min": 0.4375,
    "max": 1.0
  },
  "coverage": {
    "mean": 0.7959999999999999,
    "min": 0.3,
    "max": 1.0
  },
  "compression_ratio": {
    "mean": 0.31579565612590677,
    "min": 0.16749640446952097,
    "max": 1.1847635726795096
  },
  "cosine_similarity": {
    "mean": 0.26843212195900834,
    "min": 0.1845401223610763,
    "max": 0.33782683453198087,
    "median": 0.272356930796557,
    "std": 0.034239553008328365
  }
}