{
  "run_id": "run_20251114_182637",
  "timestamp": "20251114_182637",
  "total_questions": 50,
  "alignment": {
    "mean": 0.7920121741244961,
    "min": 0.4375,
    "max": 1.0
  },
  "coverage": {
    "mean": 0.7959999999999999,
    "min": 0.3,
    "max": 1.0
  },
  "compression_ratio": {
    "mean": 0.31579565612590677,
    "min": 0.16749640446952097,
    "max": 1.1847635726795096
  },
  "rouge_l": {
    "mean": 0.20609405758204968,
    "min": 0.15512783682849757,
    "max": 0.2859154929577465
  }
}