{
  "run_id": "run_20251117_054419",
  "timestamp": "20251117_054419",
  "total_questions": 50,
  "overall": {
    "mean": 0.700934981913586,
    "min": 0.25,
    "max": 1.0,
    "median": 0.7368421052631579,
    "std": 0.16137754808671573
  },
  "alignment": {
    "mean": 0.7851764737085104,
    "min": 0.25,
    "max": 1.0
  },
  "coverage": {
    "mean": 0.784,
    "min": 0.4,
    "max": 1.0
  },
  "compression_ratio": {
    "mean": 0.3179171277836737,
    "min": 0.1584435128453187,
    "max": 1.0442206654991244
  }
}