{
  "run_id": "run_20251117_082859",
  "config": {
    "n_questions": 15,
    "limit": null
  },
  "total_videos": 62,
  "successful_evaluations": 62,
  "qag_score": {
    "mean": 0.8284770217579345,
    "min": 0.6538461538461539,
    "max": 1.0,
    "median": 0.8333333333333334,
    "std": 0.07943919061890392
  },
  "alignment_score": {
    "mean": 0.8342781303416142,
    "min": 0.6538461538461539,
    "max": 1.0,
    "median": 0.8333333333333334,
    "std": 0.07945793450677491
  },
  "coverage_score": {
    "mean": 0.9508196721311474,
    "min": 0.6666666666666666,
    "max": 1.0,
    "median": 1.0,
    "std": 0.0648963184231848
  },
  "cosine_similarity": {
    "mean": 0.6948508196721312,
    "min": 0.5957,
    "max": 0.7872,
    "median": 0.6895,
    "std": 0.04849272591370023
  },
  "compression_ratio": {
    "mean": 0.7172442622950821,
    "min": 0.3076,
    "max": 1.5808,
    "median": 0.6402,
    "std": 0.230234888274028
  }
}