{
  "run_id": "run_20251114_081837",
  "timestamp": "20251114_081837",
  "total_questions": 50,
  "overall": {
    "mean": 0.6921668394422467,
    "min": 0.1,
    "max": 1.0,
    "median": 0.7647058823529411,
    "std": 0.2099306168656
  },
  "alignment": {
    "mean": 0.7569198995432729,
    "min": 0.15,
    "max": 1.0
  },
  "coverage": {
    "mean": 0.7897777777777777,
    "min": 0.1,
    "max": 1.0
  },
  "compression_ratio": {
    "mean": 0.3567312500704683,
    "min": 0.19801728520589731,
    "max": 1.5670886075949366
  }
}